{
  "cnn": {
    "1": {
      "predicted_frames": 2,
      "total_frames": 17,
      "gas_seconds_per_video": 0.044398494146298616,
      "pressure_seconds_per_video": 0.04445538664003834,
      "total_seconds_per_video": 0.08885388078633696
    },
    "2": {
      "predicted_frames": 4,
      "total_frames": 19,
      "gas_seconds_per_video": 0.049963849305640906,
      "pressure_seconds_per_video": 0.04989663359010592,
      "total_seconds_per_video": 0.09986048289574682
    },
    "3": {
      "predicted_frames": 6,
      "total_frames": 21,
      "gas_seconds_per_video": 0.0555360356811434,
      "pressure_seconds_per_video": 0.05535579129355028,
      "total_seconds_per_video": 0.11089182697469369
    },
    "4": {
      "predicted_frames": 8,
      "total_frames": 23,
      "gas_seconds_per_video": 0.06090639112517238,
      "pressure_seconds_per_video": 0.060802204185165465,
      "total_seconds_per_video": 0.12170859531033784
    }
  },
  "conv_fno": {
    "1": {
      "predicted_frames": 2,
      "total_frames": 17,
      "gas_seconds_per_video": 0.045907798816915604,
      "pressure_seconds_per_video": 0.045942311896942555,
      "total_seconds_per_video": 0.09185011071385815
    },
    "2": {
      "predicted_frames": 4,
      "total_frames": 19,
      "gas_seconds_per_video": 0.0478774591581896,
      "pressure_seconds_per_video": 0.04784111706539988,
      "total_seconds_per_video": 0.09571857622358948
    },
    "3": {
      "predicted_frames": 6,
      "total_frames": 21,
      "gas_seconds_per_video": 0.052463752846233544,
      "pressure_seconds_per_video": 0.05240285346517339,
      "total_seconds_per_video": 0.10486660631140693
    },
    "4": {
      "predicted_frames": 8,
      "total_frames": 23,
      "gas_seconds_per_video": 0.052795901719946414,
      "pressure_seconds_per_video": 0.052711697632912544,
      "total_seconds_per_video": 0.10550759935285896
    }
  },
  "fno": {
    "1": {
      "predicted_frames": 2,
      "total_frames": 17,
      "gas_seconds_per_video": 0.027928888448514044,
      "pressure_seconds_per_video": 0.02793224825290963,
      "total_seconds_per_video": 0.055861136701423675
    },
    "2": {
      "predicted_frames": 4,
      "total_frames": 19,
      "gas_seconds_per_video": 0.02846689198631793,
      "pressure_seconds_per_video": 0.02846950861858204,
      "total_seconds_per_video": 0.056936400604899975
    },
    "3": {
      "predicted_frames": 6,
      "total_frames": 21,
      "gas_seconds_per_video": 0.03161930342903361,
      "pressure_seconds_per_video": 0.031617438816465435,
      "total_seconds_per_video": 0.06323674224549905
    },
    "4": {
      "predicted_frames": 8,
      "total_frames": 23,
      "gas_seconds_per_video": 0.030422463722061366,
      "pressure_seconds_per_video": 0.03042639878112823,
      "total_seconds_per_video": 0.06084886250318959
    }
  },
  "ufno": {
    "1": {
      "predicted_frames": 2,
      "total_frames": 17,
      "gas_seconds_per_video": 0.08065302516333758,
      "pressure_seconds_per_video": 0.0805044463602826,
      "total_seconds_per_video": 0.1611574715236202
    },
    "2": {
      "predicted_frames": 4,
      "total_frames": 19,
      "gas_seconds_per_video": 0.0850489069824107,
      "pressure_seconds_per_video": 0.08528555961092935,
      "total_seconds_per_video": 0.17033446659334006
    },
    "3": {
      "predicted_frames": 6,
      "total_frames": 21,
      "gas_seconds_per_video": 0.09249661702197046,
      "pressure_seconds_per_video": 0.09228985254885629,
      "total_seconds_per_video": 0.18478646957082673
    },
    "4": {
      "predicted_frames": 8,
      "total_frames": 23,
      "gas_seconds_per_video": 0.09569304424803704,
      "pressure_seconds_per_video": 0.09548059058142826,
      "total_seconds_per_video": 0.1911736348294653
    }
  },
  "vanilla_mionet": {
    "1": {
      "predicted_frames": 2,
      "total_frames": 17,
      "gas_seconds_per_video": 0.11895947379525751,
      "pressure_seconds_per_video": 0.1214632252464071,
      "total_seconds_per_video": 0.2404226990416646
    },
    "2": {
      "predicted_frames": 4,
      "total_frames": 19,
      "gas_seconds_per_video": 0.14006913910852745,
      "pressure_seconds_per_video": 0.14312186824390666,
      "total_seconds_per_video": 0.2831910073524341
    },
    "3": {
      "predicted_frames": 6,
      "total_frames": 21,
      "gas_seconds_per_video": 0.15233276527142153,
      "pressure_seconds_per_video": 0.149351006525103,
      "total_seconds_per_video": 0.3016837717965245
    },
    "4": {
      "predicted_frames": 8,
      "total_frames": 23,
      "gas_seconds_per_video": 0.16646952717565,
      "pressure_seconds_per_video": 0.1635385536472313,
      "total_seconds_per_video": 0.3300080808228813
    }
  },
  "fourier_mionet": {
    "1": {
      "predicted_frames": 2,
      "total_frames": 17,
      "gas_seconds_per_video": 0.03507064200239256,
      "pressure_seconds_per_video": 0.035124076926149425,
      "total_seconds_per_video": 0.07019471892854198
    },
    "2": {
      "predicted_frames": 4,
      "total_frames": 19,
      "gas_seconds_per_video": 0.03919492636341602,
      "pressure_seconds_per_video": 0.03909462097799406,
      "total_seconds_per_video": 0.07828954734141008
    },
    "3": {
      "predicted_frames": 6,
      "total_frames": 21,
      "gas_seconds_per_video": 0.043175439396873114,
      "pressure_seconds_per_video": 0.043162853096146134,
      "total_seconds_per_video": 0.08633829249301925
    },
    "4": {
      "predicted_frames": 8,
      "total_frames": 23,
      "gas_seconds_per_video": 0.046982350014150145,
      "pressure_seconds_per_video": 0.046941284148488194,
      "total_seconds_per_video": 0.09392363416263834
    }
  },
  "mionet_fnn": {
    "1": {
      "predicted_frames": 2,
      "total_frames": 17,
      "gas_seconds_per_video": 0.127696774690412,
      "pressure_seconds_per_video": 0.1205964281107299,
      "total_seconds_per_video": 0.2482932028011419
    },
    "2": {
      "predicted_frames": 4,
      "total_frames": 19,
      "gas_seconds_per_video": 0.13305966459447519,
      "pressure_seconds_per_video": 0.133706363348756,
      "total_seconds_per_video": 0.2667660279432312
    },
    "3": {
      "predicted_frames": 6,
      "total_frames": 21,
      "gas_seconds_per_video": 0.14613486975431442,
      "pressure_seconds_per_video": 0.14447791331913323,
      "total_seconds_per_video": 0.2906127830734476
    },
    "4": {
      "predicted_frames": 8,
      "total_frames": 23,
      "gas_seconds_per_video": 0.15426562051288784,
      "pressure_seconds_per_video": 0.15645540724508464,
      "total_seconds_per_video": 0.3107210277579725
    }
  },
  "lavig_flow": {
    "1": {
      "predicted_frames": 2,
      "total_frames": 17,
      "total_seconds_per_video": 0.8689706884324551,
      "includes_encode": true,
      "includes_decode": true
    },
    "2": {
      "predicted_frames": 4,
      "total_frames": 19,
      "total_seconds_per_video": 1.1622316210065038,
      "includes_encode": true,
      "includes_decode": true
    },
    "3": {
      "predicted_frames": 6,
      "total_frames": 21,
      "total_seconds_per_video": 1.44982129028067,
      "includes_encode": true,
      "includes_decode": true
    },
    "4": {
      "predicted_frames": 8,
      "total_frames": 23,
      "total_seconds_per_video": 1.7380698226392268,
      "includes_encode": true,
      "includes_decode": true
    }
  }
}