{
  "cnn": {
    "1": {
      "predicted_frames": 2,
      "total_frames": 17,
      "gas_seconds_per_video": 95.29485128470697,
      "pressure_seconds_per_video": 78.68903964669444,
      "total_seconds_per_video": 173.9838909314014
    },
    "2": {
      "predicted_frames": 4,
      "total_frames": 19,
      "gas_seconds_per_video": 107.1941696911119,
      "pressure_seconds_per_video": 86.87870325981639,
      "total_seconds_per_video": 194.07287295092829
    },
    "3": {
      "predicted_frames": 6,
      "total_frames": 21,
      "gas_seconds_per_video": 110.5506403607782,
      "pressure_seconds_per_video": 86.52439131457359,
      "total_seconds_per_video": 197.0750316753518
    },
    "4": {
      "predicted_frames": 8,
      "total_frames": 23,
      "gas_seconds_per_video": 118.15530988052487,
      "pressure_seconds_per_video": 93.6332031212747,
      "total_seconds_per_video": 211.78851300179957
    }
  },
  "conv_fno": {
    "1": {
      "predicted_frames": 2,
      "total_frames": 17,
      "gas_seconds_per_video": 32.154035362415016,
      "pressure_seconds_per_video": 16.524225273076446,
      "total_seconds_per_video": 48.67826063549146
    },
    "2": {
      "predicted_frames": 4,
      "total_frames": 19,
      "gas_seconds_per_video": 34.491332781640814,
      "pressure_seconds_per_video": 17.280717367632313,
      "total_seconds_per_video": 51.77205014927313
    },
    "3": {
      "predicted_frames": 6,
      "total_frames": 21,
      "gas_seconds_per_video": 36.76872110841796,
      "pressure_seconds_per_video": 18.848369310842827,
      "total_seconds_per_video": 55.617090419260784
    },
    "4": {
      "predicted_frames": 8,
      "total_frames": 23,
      "gas_seconds_per_video": 34.502129927230996,
      "pressure_seconds_per_video": 16.763617570418866,
      "total_seconds_per_video": 51.26574749764986
    }
  },
  "fno": {
    "1": {
      "predicted_frames": 2,
      "total_frames": 17,
      "gas_seconds_per_video": 9.653473886102438,
      "pressure_seconds_per_video": 10.784858442703262,
      "total_seconds_per_video": 20.4383323288057
    },
    "2": {
      "predicted_frames": 4,
      "total_frames": 19,
      "gas_seconds_per_video": 10.53315454609692,
      "pressure_seconds_per_video": 11.761398610146717,
      "total_seconds_per_video": 22.294553156243637
    },
    "3": {
      "predicted_frames": 6,
      "total_frames": 21,
      "gas_seconds_per_video": 12.885543955676258,
      "pressure_seconds_per_video": 13.808352105133235,
      "total_seconds_per_video": 26.693896060809493
    },
    "4": {
      "predicted_frames": 8,
      "total_frames": 23,
      "gas_seconds_per_video": 14.22006988483481,
      "pressure_seconds_per_video": 14.793024109164254,
      "total_seconds_per_video": 29.013093993999064
    }
  },
  "ufno": {
    "1": {
      "predicted_frames": 2,
      "total_frames": 17,
      "gas_seconds_per_video": 83.72095513376408,
      "pressure_seconds_per_video": 22.758920485619456,
      "total_seconds_per_video": 106.47987561938353
    },
    "2": {
      "predicted_frames": 4,
      "total_frames": 19,
      "gas_seconds_per_video": 91.27425862150267,
      "pressure_seconds_per_video": 24.819471059925853,
      "total_seconds_per_video": 116.09372968142853
    },
    "3": {
      "predicted_frames": 6,
      "total_frames": 21,
      "gas_seconds_per_video": 99.27945042662323,
      "pressure_seconds_per_video": 26.982391843618824,
      "total_seconds_per_video": 126.26184227024206
    },
    "4": {
      "predicted_frames": 8,
      "total_frames": 23,
      "gas_seconds_per_video": 106.3672103102319,
      "pressure_seconds_per_video": 28.81175536927767,
      "total_seconds_per_video": 135.17896567950956
    }
  },
  "vanilla_mionet": {
    "1": {
      "predicted_frames": 2,
      "total_frames": 17,
      "gas_seconds_per_video": 43.84343436271884,
      "pressure_seconds_per_video": 34.844837153051046,
      "total_seconds_per_video": 78.68827151576988
    },
    "2": {
      "predicted_frames": 4,
      "total_frames": 19,
      "gas_seconds_per_video": 48.99608009122312,
      "pressure_seconds_per_video": 38.92757996600121,
      "total_seconds_per_video": 87.92366005722434
    },
    "3": {
      "predicted_frames": 6,
      "total_frames": 21,
      "gas_seconds_per_video": 54.133705949550496,
      "pressure_seconds_per_video": 43.03446447388269,
      "total_seconds_per_video": 97.1681704234332
    },
    "4": {
      "predicted_frames": 8,
      "total_frames": 23,
      "gas_seconds_per_video": 59.30806217850186,
      "pressure_seconds_per_video": 47.15783308316022,
      "total_seconds_per_video": 106.46589526166207
    }
  },
  "fourier_mionet": {
    "1": {
      "predicted_frames": 2,
      "total_frames": 17,
      "gas_seconds_per_video": 34.680460409307855,
      "pressure_seconds_per_video": 36.86477441326715,
      "total_seconds_per_video": 71.545234822575
    },
    "2": {
      "predicted_frames": 4,
      "total_frames": 19,
      "gas_seconds_per_video": 38.91778976893984,
      "pressure_seconds_per_video": 41.34615558777004,
      "total_seconds_per_video": 80.26394535670988
    },
    "3": {
      "predicted_frames": 6,
      "total_frames": 21,
      "gas_seconds_per_video": 42.799126783572135,
      "pressure_seconds_per_video": 45.3466039808467,
      "total_seconds_per_video": 88.14573076441883
    },
    "4": {
      "predicted_frames": 8,
      "total_frames": 23,
      "gas_seconds_per_video": 46.8077883019112,
      "pressure_seconds_per_video": 49.70499702384696,
      "total_seconds_per_video": 96.51278532575816
    }
  },
  "mionet_fnn": {
    "1": {
      "predicted_frames": 2,
      "total_frames": 17,
      "gas_seconds_per_video": 57.746988566359505,
      "pressure_seconds_per_video": 36.538096667826174,
      "total_seconds_per_video": 94.28508523418569
    },
    "2": {
      "predicted_frames": 4,
      "total_frames": 19,
      "gas_seconds_per_video": 64.52021593027749,
      "pressure_seconds_per_video": 40.82388102449477,
      "total_seconds_per_video": 105.34409695477225
    },
    "3": {
      "predicted_frames": 6,
      "total_frames": 21,
      "gas_seconds_per_video": 71.3085900017526,
      "pressure_seconds_per_video": 45.11127466787584,
      "total_seconds_per_video": 116.41986466962845
    },
    "4": {
      "predicted_frames": 8,
      "total_frames": 23,
      "gas_seconds_per_video": 78.1193381305784,
      "pressure_seconds_per_video": 49.419612960377705,
      "total_seconds_per_video": 127.5389510909561
    }
  },
  "lavig_flow": {
    "1": {
      "predicted_frames": 2,
      "total_frames": 17,
      "total_seconds_per_video": 133.99573253802956,
      "includes_encode": true,
      "includes_decode": true
    },
    "2": {
      "predicted_frames": 4,
      "total_frames": 19,
      "total_seconds_per_video": 160.6537376265973,
      "includes_encode": true,
      "includes_decode": true
    },
    "3": {
      "predicted_frames": 6,
      "total_frames": 21,
      "total_seconds_per_video": 187.31595767736434,
      "includes_encode": true,
      "includes_decode": true
    },
    "4": {
      "predicted_frames": 8,
      "total_frames": 23,
      "total_seconds_per_video": 213.49589676316828,
      "includes_encode": true,
      "includes_decode": true
    }
  }
}