{
  "cnn": {
    "1": {
      "predicted_frames": 2,
      "total_frames": 17,
      "gas_seconds_per_video": 17.60953222149983,
      "pressure_seconds_per_video": 14.454382700752467,
      "total_seconds_per_video": 32.063914922252295
    },
    "2": {
      "predicted_frames": 4,
      "total_frames": 19,
      "gas_seconds_per_video": 19.678328239312396,
      "pressure_seconds_per_video": 15.991045429557563,
      "total_seconds_per_video": 35.66937366886996
    },
    "3": {
      "predicted_frames": 6,
      "total_frames": 21,
      "gas_seconds_per_video": 21.731101605668663,
      "pressure_seconds_per_video": 17.577828420558944,
      "total_seconds_per_video": 39.30893002622761
    },
    "4": {
      "predicted_frames": 8,
      "total_frames": 23,
      "gas_seconds_per_video": 23.716582854837178,
      "pressure_seconds_per_video": 19.199122644076123,
      "total_seconds_per_video": 42.9157054989133
    }
  },
  "conv_fno": {
    "1": {
      "predicted_frames": 2,
      "total_frames": 17,
      "gas_seconds_per_video": 7.917364961840212,
      "pressure_seconds_per_video": 5.302044162526727,
      "total_seconds_per_video": 13.219409124366939
    },
    "2": {
      "predicted_frames": 4,
      "total_frames": 19,
      "gas_seconds_per_video": 8.538706581667066,
      "pressure_seconds_per_video": 5.509646772174165,
      "total_seconds_per_video": 14.04835335384123
    },
    "3": {
      "predicted_frames": 6,
      "total_frames": 21,
      "gas_seconds_per_video": 9.086980922659858,
      "pressure_seconds_per_video": 5.860341642145068,
      "total_seconds_per_video": 14.947322564804926
    },
    "4": {
      "predicted_frames": 8,
      "total_frames": 23,
      "gas_seconds_per_video": 9.086145415715873,
      "pressure_seconds_per_video": 5.922956061502918,
      "total_seconds_per_video": 15.009101477218792
    }
  },
  "fno": {
    "1": {
      "predicted_frames": 2,
      "total_frames": 17,
      "gas_seconds_per_video": 3.9182097926735877,
      "pressure_seconds_per_video": 3.9363951085601,
      "total_seconds_per_video": 7.854604901233688
    },
    "2": {
      "predicted_frames": 4,
      "total_frames": 19,
      "gas_seconds_per_video": 4.182399360463023,
      "pressure_seconds_per_video": 4.194853707961738,
      "total_seconds_per_video": 8.37725306842476
    },
    "3": {
      "predicted_frames": 6,
      "total_frames": 21,
      "gas_seconds_per_video": 4.683602379122749,
      "pressure_seconds_per_video": 4.6176829021424055,
      "total_seconds_per_video": 9.301285281265155
    },
    "4": {
      "predicted_frames": 8,
      "total_frames": 23,
      "gas_seconds_per_video": 4.913050898350775,
      "pressure_seconds_per_video": 4.915242552338168,
      "total_seconds_per_video": 9.828293450688943
    }
  },
  "ufno": {
    "1": {
      "predicted_frames": 2,
      "total_frames": 17,
      "gas_seconds_per_video": 19.226018195739016,
      "pressure_seconds_per_video": 6.617537252185866,
      "total_seconds_per_video": 25.84355544792488
    },
    "2": {
      "predicted_frames": 4,
      "total_frames": 19,
      "gas_seconds_per_video": 20.96014592521824,
      "pressure_seconds_per_video": 7.132514345925301,
      "total_seconds_per_video": 28.09266027114354
    },
    "3": {
      "predicted_frames": 6,
      "total_frames": 21,
      "gas_seconds_per_video": 22.856022294797004,
      "pressure_seconds_per_video": 7.860685350652784,
      "total_seconds_per_video": 30.716707645449787
    },
    "4": {
      "predicted_frames": 8,
      "total_frames": 23,
      "gas_seconds_per_video": 24.386507843015714,
      "pressure_seconds_per_video": 8.28901953152381,
      "total_seconds_per_video": 32.67552737453953
    }
  },
  "vanilla_mionet": {
    "1": {
      "predicted_frames": 2,
      "total_frames": 17,
      "gas_seconds_per_video": 9.58413097159937,
      "pressure_seconds_per_video": 7.5475731393322345,
      "total_seconds_per_video": 17.131704110931604
    },
    "2": {
      "predicted_frames": 4,
      "total_frames": 19,
      "gas_seconds_per_video": 10.652405213285238,
      "pressure_seconds_per_video": 8.412472993601114,
      "total_seconds_per_video": 19.064878206886352
    },
    "3": {
      "predicted_frames": 6,
      "total_frames": 21,
      "gas_seconds_per_video": 11.817742697242647,
      "pressure_seconds_per_video": 9.354126991331578,
      "total_seconds_per_video": 21.171869688574226
    },
    "4": {
      "predicted_frames": 8,
      "total_frames": 23,
      "gas_seconds_per_video": 12.953011151589454,
      "pressure_seconds_per_video": 10.239665937703103,
      "total_seconds_per_video": 23.19267708929256
    }
  },
  "fourier_mionet": {
    "1": {
      "predicted_frames": 2,
      "total_frames": 17,
      "gas_seconds_per_video": 7.960816697636619,
      "pressure_seconds_per_video": 8.666958984546364,
      "total_seconds_per_video": 16.627775682182982
    },
    "2": {
      "predicted_frames": 4,
      "total_frames": 19,
      "gas_seconds_per_video": 8.85771310525015,
      "pressure_seconds_per_video": 9.740364536643028,
      "total_seconds_per_video": 18.598077641893177
    },
    "3": {
      "predicted_frames": 6,
      "total_frames": 21,
      "gas_seconds_per_video": 9.768217154126614,
      "pressure_seconds_per_video": 10.727121530938893,
      "total_seconds_per_video": 20.495338685065505
    },
    "4": {
      "predicted_frames": 8,
      "total_frames": 23,
      "gas_seconds_per_video": 10.719509769463912,
      "pressure_seconds_per_video": 11.77854324132204,
      "total_seconds_per_video": 22.498053010785952
    }
  },
  "mionet_fnn": {
    "1": {
      "predicted_frames": 2,
      "total_frames": 17,
      "gas_seconds_per_video": 12.121959972381593,
      "pressure_seconds_per_video": 8.051655106991529,
      "total_seconds_per_video": 20.17361507937312
    },
    "2": {
      "predicted_frames": 4,
      "total_frames": 19,
      "gas_seconds_per_video": 13.504932007892057,
      "pressure_seconds_per_video": 8.955143953347578,
      "total_seconds_per_video": 22.460075961239635
    },
    "3": {
      "predicted_frames": 6,
      "total_frames": 21,
      "gas_seconds_per_video": 14.940738960169256,
      "pressure_seconds_per_video": 9.881122525874526,
      "total_seconds_per_video": 24.82186148604378
    },
    "4": {
      "predicted_frames": 8,
      "total_frames": 23,
      "gas_seconds_per_video": 16.20653465646319,
      "pressure_seconds_per_video": 10.753621955635026,
      "total_seconds_per_video": 26.960156612098217
    }
  },
  "lavig_flow": {
    "1": {
      "predicted_frames": 2,
      "total_frames": 17,
      "total_seconds_per_video": 32.61178970057517,
      "includes_encode": true,
      "includes_decode": true
    },
    "2": {
      "predicted_frames": 4,
      "total_frames": 19,
      "total_seconds_per_video": 39.22130525745452,
      "includes_encode": true,
      "includes_decode": true
    },
    "3": {
      "predicted_frames": 6,
      "total_frames": 21,
      "total_seconds_per_video": 45.63185385558754,
      "includes_encode": true,
      "includes_decode": true
    },
    "4": {
      "predicted_frames": 8,
      "total_frames": 23,
      "total_seconds_per_video": 52.46433426700533,
      "includes_encode": true,
      "includes_decode": true
    }
  }
}